notice_id,manufacturer,part_number,replacement_part_number,last_time_buy,last_time_ship
CAAN-02OLLE763,Microchip,A3P1000-1PQG208,,2025-12-01,2026-12-01
CAAN-02OLLE763,Microchip,A3P1000-1PQG208I,,2025-12-01,2026-12-01
CAAN-02OLLE763,Microchip,A3P1000-1PQG208IX167,,2025-12-01,2026-12-01
CAAN-02OLLE763,Microchip,A3P1000-1PQG208M,,2025-12-01,2026-12-01
CAAN-02OLLE763,Microchip,A3P1000-1PQG208X538,,2025-12-01,2026-12-01
CAAN-02OLLE763,Microchip,A3P1000-2PQG208,,2025-12-01,2026-12-01
CAAN-02OLLE763,Microchip,A3P1000-2PQG208I,,2025-12-01,2026-12-01
CAAN-02OLLE763,Microchip,A3P1000-PQG208,,2025-12-01,2026-12-01
CAAN-02OLLE763,Microchip,A3P1000-PQG208I,,2025-12-01,2026-12-01
CAAN-02OLLE763,Microchip,A3P1000-PQG208M,,2025-12-01,2026-12-01
CAAN-02OLLE763,Microchip,A3P1000-PQG208X538,,2025-12-01,2026-12-01
CAAN-02OLLE763,Microchip,A3P1000-PQG208YM,,2025-12-01,2026-12-01
CAAN-02OLLE763,Microchip,A3P125-1PQG208,,2025-12-01,2026-12-01
CAAN-02OLLE763,Microchip,A3P125-1PQG208I,,2025-12-01,2026-12-01
CAAN-02OLLE763,Microchip,A3P125-2PQG208,,2025-12-01,2026-12-01
CAAN-02OLLE763,Microchip,A3P125-2PQG208I,,2025-12-01,2026-12-01
CAAN-02OLLE763,Microchip,A3P125-PQG208,,2025-12-01,2026-12-01
CAAN-02OLLE763,Microchip,A3P125-PQG208I,,2025-12-01,2026-12-01
CAAN-02OLLE763,Microchip,A3P125-PQG208IX538,,2025-12-01,2026-12-01
CAAN-02OLLE763,Microchip,A3P125-PQG208PS53,,2025-12-01,2026-12-01
CAAN-02OLLE763,Microchip,A3P250-1PQG208,,2025-12-01,2026-12-01
CAAN-02OLLE763,Microchip,A3P250-1PQG208I,,2025-12-01,2026-12-01
CAAN-02OLLE763,Microchip,A3P250-2PQG208,,2025-12-01,2026-12-01
CAAN-02OLLE763,Microchip,A3P250-2PQG208I,,2025-12-01,2026-12-01
CAAN-02OLLE763,Microchip,A3P250-PQG208,,2025-12-01,2026-12-01
CAAN-02OLLE763,Microchip,A3P250-PQG208I,,2025-12-01,2026-12-01
CAAN-02OLLE763,Microchip,A3P250-PQG208X277,,2025-12-01,2026-12-01
CAAN-02OLLE763,Microchip,A3P250-PQG208X365,,2025-12-01,2026-12-01
CAAN-02OLLE763,Microchip,A3P250-PQG208X53,,2025-12-01,2026-12-01
CAAN-02OLLE763,Microchip,A3P400-1PQG208,,2025-12-01,2026-12-01
CAAN-02OLLE763,Microchip,A3P400-1PQG208I,,2025-12-01,2026-12-01
CAAN-02OLLE763,Microchip,A3P400-1PQG208IX3,,2025-12-01,2026-12-01
CAAN-02OLLE763,Microchip,A3P400-2PQG208,,2025-12-01,2026-12-01
CAAN-02OLLE763,Microchip,A3P400-2PQG208I,,2025-12-01,2026-12-01
CAAN-02OLLE763,Microchip,A3P400-PQG208,,2025-12-01,2026-12-01
CAAN-02OLLE763,Microchip,A3P400-PQG208I,,2025-12-01,2026-12-01
CAAN-02OLLE763,Microchip,A3P400-PQG208IX218,,2025-12-01,2026-12-01
CAAN-02OLLE763,Microchip,A3P400-PQG208X538,,2025-12-01,2026-12-01
CAAN-02OLLE763,Microchip,A3P600-1PQG208,,2025-12-01,2026-12-01
CAAN-02OLLE763,Microchip,A3P600-1PQG208I,,2025-12-01,2026-12-01
CAAN-02OLLE763,Microchip,A3P600-1PQG208IDX402,,2025-12-01,2026-12-01
CAAN-02OLLE763,Microchip,A3P600-2PQG208,,2025-12-01,2026-12-01
CAAN-02OLLE763,Microchip,A3P600-2PQG208I,,2025-12-01,2026-12-01
CAAN-02OLLE763,Microchip,A3P600L-1PQG208IDX402,,2025-12-01,2026-12-01
CAAN-02OLLE763,Microchip,A3P600-PQG208,,2025-12-01,2026-12-01
CAAN-02OLLE763,Microchip,A3P600-PQG208I,,2025-12-01,2026-12-01
CAAN-02OLLE763,Microchip,A3P600-PQG208M,,2025-12-01,2026-12-01
CAAN-02OLLE763,Microchip,A3PE3000-1PQG208,,2025-12-01,2026-12-01
CAAN-02OLLE763,Microchip,A3PE3000-1PQG208I,,2025-12-01,2026-12-01
CAAN-02OLLE763,Microchip,A3PE3000-1PQG208IX507,,2025-12-01,2026-12-01
CAAN-02OLLE763,Microchip,A3PE3000-2PQG208,,2025-12-01,2026-12-01
CAAN-02OLLE763,Microchip,A3PE3000-2PQG208I,,2025-12-01,2026-12-01
CAAN-02OLLE763,Microchip,A3PE3000L-1PQG208,,2025-12-01,2026-12-01
CAAN-02OLLE763,Microchip,A3PE3000L-1PQG208I,,2025-12-01,2026-12-01
CAAN-02OLLE763,Microchip,A3PE3000L-1PQG208IX167,,2025-12-01,2026-12-01
CAAN-02OLLE763,Microchip,A3PE3000L-1PQG208IX259,,2025-12-01,2026-12-01
CAAN-02OLLE763,Microchip,A3PE3000L-1PQG208IX3,,2025-12-01,2026-12-01
CAAN-02OLLE763,Microchip,A3PE3000L-1PQG208IX6,,2025-12-01,2026-12-01
CAAN-02OLLE763,Microchip,A3PE3000L-PQG208,,2025-12-01,2026-12-01
CAAN-02OLLE763,Microchip,A3PE3000L-PQG208I,,2025-12-01,2026-12-01
CAAN-02OLLE763,Microchip,A3PE3000L-PQG208IX167,,2025-12-01,2026-12-01
CAAN-02OLLE763,Microchip,A3PE3000L-PQG208IX6,,2025-12-01,2026-12-01
CAAN-02OLLE763,Microchip,A3PE3000-PQG208,,2025-12-01,2026-12-01
CAAN-02OLLE763,Microchip,A3PE3000-PQG208I,,2025-12-01,2026-12-01
CAAN-02OLLE763,Microchip,A3PE3000-PQG208IX538,,2025-12-01,2026-12-01
CAAN-02OLLE763,Microchip,A3PE3000-PQG208X3,,2025-12-01,2026-12-01
CAAN-02OLLE763,Microchip,A3PE600-PQG208IX218,,2025-12-01,2026-12-01
CAAN-02OLLE763,Microchip,M1A3P1000-1PQG208,,2025-12-01,2026-12-01
CAAN-02OLLE763,Microchip,M1A3P1000-1PQG208I,,2025-12-01,2026-12-01
CAAN-02OLLE763,Microchip,M1A3P1000-1PQG208M,,2025-12-01,2026-12-01
CAAN-02OLLE763,Microchip,M1A3P1000-2PQG208,,2025-12-01,2026-12-01
CAAN-02OLLE763,Microchip,M1A3P1000-2PQG208I,,2025-12-01,2026-12-01
CAAN-02OLLE763,Microchip,M1A3P1000-PQG208,,2025-12-01,2026-12-01
CAAN-02OLLE763,Microchip,M1A3P1000-PQG208I,,2025-12-01,2026-12-01
CAAN-02OLLE763,Microchip,M1A3P1000-PQG208M,,2025-12-01,2026-12-01
CAAN-02OLLE763,Microchip,M1A3P250-1PQG208,,2025-12-01,2026-12-01
CAAN-02OLLE763,Microchip,M1A3P250-1PQG208I,,2025-12-01,2026-12-01
CAAN-02OLLE763,Microchip,M1A3P250-2PQG208,,2025-12-01,2026-12-01
CAAN-02OLLE763,Microchip,M1A3P250-2PQG208I,,2025-12-01,2026-12-01
CAAN-02OLLE763,Microchip,M1A3P250-PQG208,,2025-12-01,2026-12-01
CAAN-02OLLE763,Microchip,M1A3P250-PQG208I,,2025-12-01,2026-12-01
CAAN-02OLLE763,Microchip,M1A3P400-1PQG208,,2025-12-01,2026-12-01
CAAN-02OLLE763,Microchip,M1A3P400-1PQG208I,,2025-12-01,2026-12-01
CAAN-02OLLE763,Microchip,M1A3P400-2PQG208,,2025-12-01,2026-12-01
CAAN-02OLLE763,Microchip,M1A3P400-2PQG208I,,2025-12-01,2026-12-01
CAAN-02OLLE763,Microchip,M1A3P400-PQG208,,2025-12-01,2026-12-01
CAAN-02OLLE763,Microchip,M1A3P400-PQG208I,,2025-12-01,2026-12-01
CAAN-02OLLE763,Microchip,M1A3P600-1PQG208,,2025-12-01,2026-12-01
CAAN-02OLLE763,Microchip,M1A3P600-1PQG208I,,2025-12-01,2026-12-01
CAAN-02OLLE763,Microchip,M1A3P600-2PQG208,,2025-12-01,2026-12-01
CAAN-02OLLE763,Microchip,M1A3P600-2PQG208I,,2025-12-01,2026-12-01
CAAN-02OLLE763,Microchip,M1A3P600-PQG208,,2025-12-01,2026-12-01
CAAN-02OLLE763,Microchip,M1A3P600-PQG208I,,2025-12-01,2026-12-01
CAAN-02OLLE763,Microchip,M1A3P600-PQG208IX259,,2025-12-01,2026-12-01
CAAN-02OLLE763,Microchip,M7A3P1000-1PQG208,,2025-12-01,2026-12-01
CAAN-02OLLE763,Microchip,M7A3P1000-1PQG208I,,2025-12-01,2026-12-01
CAAN-02OLLE763,Microchip,M7A3P1000-2PQG208,,2025-12-01,2026-12-01
CAAN-02OLLE763,Microchip,M7A3P1000-2PQG208I,,2025-12-01,2026-12-01
CAAN-02OLLE763,Microchip,M7A3P1000-PQG208,,2025-12-01,2026-12-01
CAAN-02OLLE763,Microchip,M7A3P1000-PQG208I,,2025-12-01,2026-12-01
CAAN-02OLLE763,Microchip,M1A3PE3000-1PQG208,,2025-12-01,2026-12-01
CAAN-02OLLE763,Microchip,M1A3PE3000-1PQG208I,,2025-12-01,2026-12-01
CAAN-02OLLE763,Microchip,M1A3PE3000-2PQG208,,2025-12-01,2026-12-01
CAAN-02OLLE763,Microchip,M1A3PE3000-2PQG208I,,2025-12-01,2026-12-01
CAAN-02OLLE763,Microchip,M1A3PE3000L-1PQG208,,2025-12-01,2026-12-01
CAAN-02OLLE763,Microchip,M1A3PE3000L-1PQG208I,,2025-12-01,2026-12-01
CAAN-02OLLE763,Microchip,M1A3PE3000L-PQG208,,2025-12-01,2026-12-01
CAAN-02OLLE763,Microchip,M1A3PE3000L-PQG208I,,2025-12-01,2026-12-01
CAAN-02OLLE763,Microchip,M1A3PE3000-PQG208,,2025-12-01,2026-12-01
CAAN-02OLLE763,Microchip,M1A3PE3000-PQG208I,,2025-12-01,2026-12-01
